spec_id,connectivity,confound,reduction,classifier,domain_granularity,h1_auc_edges,h1_auc_latent,h1_delta_auc,h2_delta_d,h2_p,h3_wilcoxon_p,h3_n_factors,h3_between_gt_within,duration_s,error
0,pearson_z,none,none,elasticnet,subdomain_14,0.8602977977977979,,,0.050899806815872944,0.001996007984031936,,0,0,28.612141132354736,
1,pearson_z,none,none,elasticnet,domain_7,0.8602977977977979,,,0.06569506328842781,0.001996007984031936,,0,0,28.516179084777832,
2,pearson_z,none,none,logistic_l2,subdomain_14,0.8600642308975643,,,0.050899806815872944,0.001996007984031936,,0,0,9.997232437133789,
3,pearson_z,none,none,logistic_l2,domain_7,0.8600642308975643,,,0.06569506328842781,0.001996007984031936,,0,0,9.942058324813843,
4,pearson_z,none,none,svm_linear,subdomain_14,0.8701201201201201,,,0.050899806815872944,0.001996007984031936,,0,0,24.786473512649536,
5,pearson_z,none,none,svm_linear,domain_7,0.8701201201201201,,,0.06569506328842781,0.001996007984031936,,0,0,24.79226541519165,
6,pearson_z,none,none,rf,subdomain_14,0.8471805138471804,,,0.050899806815872944,0.001996007984031936,,0,0,921.0048201084137,
7,pearson_z,none,none,rf,domain_7,0.8471805138471804,,,0.06569506328842781,0.001996007984031936,,0,0,922.0167529582977,
8,pearson_z,none,fa,elasticnet,subdomain_14,0.8602977977977979,0.8353436770103437,-0.02495412078745418,0.050899806815872944,0.001996007984031936,0.00830841064453125,20,14,729.4675033092499,
9,pearson_z,none,fa,elasticnet,domain_7,0.8602977977977979,0.8353436770103437,-0.02495412078745418,0.06569506328842781,0.001996007984031936,0.08969497680664062,20,12,705.2312474250793,
10,pearson_z,none,fa,logistic_l2,subdomain_14,0.8600642308975643,0.8385927594260927,-0.02147147147147166,0.050899806815872944,0.001996007984031936,0.00830841064453125,20,14,426.64631056785583,
11,pearson_z,none,fa,logistic_l2,domain_7,0.8600642308975643,0.8385927594260927,-0.02147147147147166,0.06569506328842781,0.001996007984031936,0.08969497680664062,20,12,387.9628140926361,
12,pearson_z,none,fa,svm_linear,subdomain_14,0.8701201201201201,0.8386302969636302,-0.03148982315648985,0.050899806815872944,0.001996007984031936,0.00830841064453125,20,14,412.8352851867676,
13,pearson_z,none,fa,svm_linear,domain_7,0.8701201201201201,0.8386302969636302,-0.03148982315648985,0.06569506328842781,0.001996007984031936,0.08969497680664062,20,12,399.36415934562683,
14,pearson_z,none,fa,rf,subdomain_14,0.8471805138471804,0.8067901234567902,-0.04039039039039016,0.050899806815872944,0.001996007984031936,0.00830841064453125,20,14,1394.235524892807,
15,pearson_z,none,fa,rf,domain_7,0.8471805138471804,0.8067901234567902,-0.04039039039039016,0.06569506328842781,0.001996007984031936,0.08969497680664062,20,12,1365.2602033615112,
16,pearson_z,none,ica,elasticnet,subdomain_14,0.8602977977977979,0.8659784784784783,0.0056806806806803944,0.050899806815872944,0.001996007984031936,0.022974872408266123,50,23,302.19303822517395,
17,pearson_z,none,ica,elasticnet,domain_7,0.8602977977977979,0.8659784784784783,0.0056806806806803944,0.06569506328842781,0.001996007984031936,0.0017779629774352657,50,16,290.3911769390106,
18,pearson_z,none,ica,logistic_l2,subdomain_14,0.8600642308975643,0.8626209542876209,0.0025567233900565256,0.050899806815872944,0.001996007984031936,0.022974872408266123,50,23,142.53639149665833,
19,pearson_z,none,ica,logistic_l2,domain_7,0.8600642308975643,0.8626209542876209,0.0025567233900565256,0.06569506328842781,0.001996007984031936,0.0017779629774352657,50,16,141.82483792304993,
20,pearson_z,none,ica,svm_linear,subdomain_14,0.8701201201201201,0.8692692692692692,-0.0008508508508509038,0.050899806815872944,0.001996007984031936,0.022974872408266123,50,23,130.99979615211487,
21,pearson_z,none,ica,svm_linear,domain_7,0.8701201201201201,0.8692692692692692,-0.0008508508508509038,0.06569506328842781,0.001996007984031936,0.0017779629774352657,50,16,139.20175766944885,
22,pearson_z,none,ica,rf,subdomain_14,0.8471805138471804,0.820216049382716,-0.026964464464464433,0.050899806815872944,0.001996007984031936,0.022974872408266123,50,23,1121.4215245246887,
23,pearson_z,none,ica,rf,domain_7,0.8471805138471804,0.820216049382716,-0.026964464464464433,0.06569506328842781,0.001996007984031936,0.0017779629774352657,50,16,1130.8696208000183,
24,pearson_z,none,pca,elasticnet,subdomain_14,0.8602977977977979,0.8055889222555889,-0.054708875542209046,0.050899806815872944,0.001996007984031936,0.039989471435546875,20,12,406.3127589225769,
25,pearson_z,none,pca,elasticnet,domain_7,0.8602977977977979,0.8055889222555889,-0.054708875542209046,0.06569506328842781,0.001996007984031936,0.21616744995117188,20,11,403.3753981590271,
26,pearson_z,none,pca,logistic_l2,subdomain_14,0.8600642308975643,0.8331706706706706,-0.02689356022689371,0.050899806815872944,0.001996007984031936,0.039989471435546875,20,12,301.7294411659241,
27,pearson_z,none,pca,logistic_l2,domain_7,0.8600642308975643,0.8331706706706706,-0.02689356022689371,0.06569506328842781,0.001996007984031936,0.21616744995117188,20,11,309.4800362586975,
28,pearson_z,none,pca,svm_linear,subdomain_14,0.8701201201201201,0.835135135135135,-0.034984984984985035,0.050899806815872944,0.001996007984031936,0.039989471435546875,20,12,315.9291055202484,
29,pearson_z,none,pca,svm_linear,domain_7,0.8701201201201201,0.835135135135135,-0.034984984984985035,0.06569506328842781,0.001996007984031936,0.21616744995117188,20,11,318.8929843902588,
30,pearson_z,none,pca,rf,subdomain_14,0.8471805138471804,0.7974307640974307,-0.04974974974974966,0.050899806815872944,0.001996007984031936,0.039989471435546875,20,12,1253.0940189361572,
31,pearson_z,none,pca,rf,domain_7,0.8471805138471804,0.7974307640974307,-0.04974974974974966,0.06569506328842781,0.001996007984031936,0.21616744995117188,20,11,1241.6235966682434,
32,pearson_z,none,nmf,elasticnet,subdomain_14,0.8602977977977979,0.7606001835168501,-0.09969761428094781,0.050899806815872944,0.001996007984031936,0.14874176207376877,50,30,2712.8563108444214,
33,pearson_z,none,nmf,elasticnet,domain_7,0.8602977977977979,0.7606001835168501,-0.09969761428094781,0.06569506328842781,0.001996007984031936,0.08401577354329604,50,30,2722.179675579071,
34,pearson_z,none,nmf,logistic_l2,subdomain_14,0.8600642308975643,0.794828161494828,-0.0652360694027363,0.050899806815872944,0.001996007984031936,0.14874176207376877,50,30,997.2047863006592,
35,pearson_z,none,nmf,logistic_l2,domain_7,0.8600642308975643,0.794828161494828,-0.0652360694027363,0.06569506328842781,0.001996007984031936,0.08401577354329604,50,30,1002.8983306884766,
36,pearson_z,none,nmf,svm_linear,subdomain_14,0.8701201201201201,0.786011011011011,-0.08410910910910907,0.050899806815872944,0.001996007984031936,0.14874176207376877,50,30,888.7523908615112,
37,pearson_z,none,nmf,svm_linear,domain_7,0.8701201201201201,0.786011011011011,-0.08410910910910907,0.06569506328842781,0.001996007984031936,0.08401577354329604,50,30,868.1070649623871,
38,pearson_z,none,nmf,rf,subdomain_14,0.8471805138471804,0.8216758425091758,-0.025504671338004603,0.050899806815872944,0.001996007984031936,0.14874176207376877,50,30,2136.6672224998474,
39,pearson_z,none,nmf,rf,domain_7,0.8471805138471804,0.8216758425091758,-0.025504671338004603,0.06569506328842781,0.001996007984031936,0.08401577354329604,50,30,2303.4817423820496,
40,pearson_z,ols,none,elasticnet,subdomain_14,0.8439189189189189,,,0.020527351967751295,0.017964071856287425,,0,0,31.880958318710327,
41,pearson_z,ols,none,elasticnet,domain_7,0.8439189189189189,,,0.024329102870902813,0.001996007984031936,,0,0,31.657774686813354,
42,pearson_z,ols,none,logistic_l2,subdomain_14,0.8227102102102102,,,0.020527351967751295,0.017964071856287425,,0,0,10.341671705245972,
43,pearson_z,ols,none,logistic_l2,domain_7,0.8227102102102102,,,0.024329102870902813,0.001996007984031936,,0,0,10.362866163253784,
44,pearson_z,ols,none,svm_linear,subdomain_14,0.8424883216549883,,,0.020527351967751295,0.017964071856287425,,0,0,19.510666608810425,
45,pearson_z,ols,none,svm_linear,domain_7,0.8424883216549883,,,0.024329102870902813,0.001996007984031936,,0,0,19.565579175949097,
46,pearson_z,ols,none,rf,subdomain_14,0.8268372539205874,,,0.020527351967751295,0.017964071856287425,,0,0,869.0551767349243,
47,pearson_z,ols,none,rf,domain_7,0.8268372539205874,,,0.024329102870902813,0.001996007984031936,,0,0,869.0282723903656,
48,pearson_z,ols,fa,elasticnet,subdomain_14,0.8439189189189189,0.8183892225558893,-0.025529696363029597,0.020527351967751295,0.017964071856287425,0.0042209625244140625,20,15,719.648598909378,
49,pearson_z,ols,fa,elasticnet,domain_7,0.8439189189189189,0.8183892225558893,-0.025529696363029597,0.024329102870902813,0.001996007984031936,0.01923370361328125,20,13,716.6509761810303,
50,pearson_z,ols,fa,logistic_l2,subdomain_14,0.8227102102102102,0.814627127127127,-0.008083083083083142,0.020527351967751295,0.017964071856287425,0.0042209625244140625,20,15,412.50384879112244,
51,pearson_z,ols,fa,logistic_l2,domain_7,0.8227102102102102,0.814627127127127,-0.008083083083083142,0.024329102870902813,0.001996007984031936,0.01923370361328125,20,13,414.4301483631134,
52,pearson_z,ols,fa,svm_linear,subdomain_14,0.8424883216549883,0.8172339005672338,-0.025254421087754553,0.020527351967751295,0.017964071856287425,0.0042209625244140625,20,15,385.0975408554077,
53,pearson_z,ols,fa,svm_linear,domain_7,0.8424883216549883,0.8172339005672338,-0.025254421087754553,0.024329102870902813,0.001996007984031936,0.01923370361328125,20,13,391.7724862098694,
54,pearson_z,ols,fa,rf,subdomain_14,0.8268372539205874,0.7800675675675676,-0.04676968635301981,0.020527351967751295,0.017964071856287425,0.0042209625244140625,20,15,1353.1018681526184,
55,pearson_z,ols,fa,rf,domain_7,0.8268372539205874,0.7800675675675676,-0.04676968635301981,0.024329102870902813,0.001996007984031936,0.01923370361328125,20,13,1357.1320009231567,
56,pearson_z,ols,ica,elasticnet,subdomain_14,0.8439189189189189,0.8359150817484151,-0.008003837170503791,0.020527351967751295,0.017964071856287425,0.08760075247442067,50,20,331.51129174232483,
57,pearson_z,ols,ica,elasticnet,domain_7,0.8439189189189189,0.8359150817484151,-0.008003837170503791,0.024329102870902813,0.001996007984031936,0.023585311964122724,50,16,339.02559423446655,
58,pearson_z,ols,ica,logistic_l2,subdomain_14,0.8227102102102102,0.8377794461127795,0.015069235902569367,0.020527351967751295,0.017964071856287425,0.08760075247442067,50,20,147.64265727996826,
59,pearson_z,ols,ica,logistic_l2,domain_7,0.8227102102102102,0.8377794461127795,0.015069235902569367,0.024329102870902813,0.001996007984031936,0.023585311964122724,50,16,164.8867380619049,
60,pearson_z,ols,ica,svm_linear,subdomain_14,0.8424883216549883,0.8452994661327995,0.002811144477811167,0.020527351967751295,0.017964071856287425,0.08760075247442067,50,20,148.95114850997925,
61,pearson_z,ols,ica,svm_linear,domain_7,0.8424883216549883,0.8452994661327995,0.002811144477811167,0.024329102870902813,0.001996007984031936,0.023585311964122724,50,16,168.62548851966858,
62,pearson_z,ols,ica,rf,subdomain_14,0.8268372539205874,0.782173840507174,-0.0446634134134134,0.020527351967751295,0.017964071856287425,0.08760075247442067,50,20,1176.6562147140503,
63,pearson_z,ols,ica,rf,domain_7,0.8268372539205874,0.782173840507174,-0.0446634134134134,0.024329102870902813,0.001996007984031936,0.023585311964122724,50,16,1140.9042756557465,
64,pearson_z,ols,pca,elasticnet,subdomain_14,0.8439189189189189,0.7246934434434434,-0.11922547547547546,0.020527351967751295,0.017964071856287425,0.009435653686523438,20,14,414.20068097114563,
65,pearson_z,ols,pca,elasticnet,domain_7,0.8439189189189189,0.7246934434434434,-0.11922547547547546,0.024329102870902813,0.001996007984031936,0.03623390197753906,20,15,408.8324382305145,
66,pearson_z,ols,pca,logistic_l2,subdomain_14,0.8227102102102102,0.8066608274941608,-0.016049382716049387,0.020527351967751295,0.017964071856287425,0.009435653686523438,20,14,299.1196343898773,
67,pearson_z,ols,pca,logistic_l2,domain_7,0.8227102102102102,0.8066608274941608,-0.016049382716049387,0.024329102870902813,0.001996007984031936,0.03623390197753906,20,15,304.9818241596222,
68,pearson_z,ols,pca,svm_linear,subdomain_14,0.8424883216549883,0.8077786119452787,-0.03470970970970966,0.020527351967751295,0.017964071856287425,0.009435653686523438,20,14,309.0683193206787,
69,pearson_z,ols,pca,svm_linear,domain_7,0.8424883216549883,0.8077786119452787,-0.03470970970970966,0.024329102870902813,0.001996007984031936,0.03623390197753906,20,15,304.8984501361847,
70,pearson_z,ols,pca,rf,subdomain_14,0.8268372539205874,0.7704162495829162,-0.056421004337671166,0.020527351967751295,0.017964071856287425,0.009435653686523438,20,14,1223.4064095020294,
71,pearson_z,ols,pca,rf,domain_7,0.8268372539205874,0.7704162495829162,-0.056421004337671166,0.024329102870902813,0.001996007984031936,0.03623390197753906,20,15,1235.5508801937103,
72,pearson_z,ols,nmf,elasticnet,subdomain_14,0.8439189189189189,0.7242033700367033,-0.11971554888221558,0.020527351967751295,0.017964071856287425,0.4151920088524754,50,29,2732.874514102936,
73,pearson_z,ols,nmf,elasticnet,domain_7,0.8439189189189189,0.7242033700367033,-0.11971554888221558,0.024329102870902813,0.001996007984031936,0.4843032319103049,50,27,2671.055687904358,
74,pearson_z,ols,nmf,logistic_l2,subdomain_14,0.8227102102102102,0.7654070737404071,-0.05730313646980312,0.020527351967751295,0.017964071856287425,0.4151920088524754,50,29,998.3352518081665,
75,pearson_z,ols,nmf,logistic_l2,domain_7,0.8227102102102102,0.7654070737404071,-0.05730313646980312,0.024329102870902813,0.001996007984031936,0.4843032319103049,50,27,992.9513747692108,
76,pearson_z,ols,nmf,svm_linear,subdomain_14,0.8424883216549883,0.7563104771438105,-0.08617784451117783,0.020527351967751295,0.017964071856287425,0.4151920088524754,50,29,818.4035708904266,
77,pearson_z,ols,nmf,svm_linear,domain_7,0.8424883216549883,0.7563104771438105,-0.08617784451117783,0.024329102870902813,0.001996007984031936,0.4843032319103049,50,27,810.1679105758667,
78,pearson_z,ols,nmf,rf,subdomain_14,0.8268372539205874,0.8155801634968303,-0.01125709042375711,0.020527351967751295,0.017964071856287425,0.4151920088524754,50,29,2054.469199180603,
79,pearson_z,ols,nmf,rf,domain_7,0.8268372539205874,0.8155801634968303,-0.01125709042375711,0.024329102870902813,0.001996007984031936,0.4843032319103049,50,27,2076.8838255405426,
120,spearman,none,none,elasticnet,subdomain_14,0.8757424090757423,,,0.0503889241629672,0.001996007984031936,,0,0,26.988277912139893,
121,spearman,none,none,elasticnet,domain_7,0.8757424090757423,,,0.063985838021868,0.001996007984031936,,0,0,26.957897901535034,
122,spearman,none,none,logistic_l2,subdomain_14,0.8780363697030363,,,0.0503889241629672,0.001996007984031936,,0,0,9.35968565940857,
123,spearman,none,none,logistic_l2,domain_7,0.8780363697030363,,,0.063985838021868,0.001996007984031936,,0,0,9.331593751907349,
124,spearman,none,none,svm_linear,subdomain_14,0.8816149482816151,,,0.0503889241629672,0.001996007984031936,,0,0,26.472905158996582,
125,spearman,none,none,svm_linear,domain_7,0.8816149482816151,,,0.063985838021868,0.001996007984031936,,0,0,26.487010717391968,
126,spearman,none,none,rf,subdomain_14,0.832082082082082,,,0.0503889241629672,0.001996007984031936,,0,0,837.3608148097992,
127,spearman,none,none,rf,domain_7,0.832082082082082,,,0.063985838021868,0.001996007984031936,,0,0,838.0962295532227,
128,spearman,none,fa,elasticnet,subdomain_14,0.8757424090757423,0.815648982315649,-0.06009342676009333,0.0503889241629672,0.001996007984031936,0.0006313323974609375,25,19,688.7649600505829,
129,spearman,none,fa,elasticnet,domain_7,0.8757424090757423,0.815648982315649,-0.06009342676009333,0.063985838021868,0.001996007984031936,0.04826241731643677,25,17,705.1831765174866,
130,spearman,none,fa,logistic_l2,subdomain_14,0.8780363697030363,0.8223682015348682,-0.05566816816816811,0.0503889241629672,0.001996007984031936,0.0006313323974609375,25,19,414.87425899505615,
131,spearman,none,fa,logistic_l2,domain_7,0.8780363697030363,0.8223682015348682,-0.05566816816816811,0.063985838021868,0.001996007984031936,0.04826241731643677,25,17,422.09646439552307,
132,spearman,none,fa,svm_linear,subdomain_14,0.8816149482816151,0.8249582916249583,-0.05665665665665687,0.0503889241629672,0.001996007984031936,0.0006313323974609375,25,19,408.3434715270996,
133,spearman,none,fa,svm_linear,domain_7,0.8816149482816151,0.8249582916249583,-0.05665665665665687,0.063985838021868,0.001996007984031936,0.04826241731643677,25,17,386.3509225845337,
134,spearman,none,fa,rf,subdomain_14,0.832082082082082,0.7867054554554556,-0.04537662662662645,0.0503889241629672,0.001996007984031936,0.0006313323974609375,25,19,1322.0106434822083,
135,spearman,none,fa,rf,domain_7,0.832082082082082,0.7867054554554556,-0.04537662662662645,0.063985838021868,0.001996007984031936,0.04826241731643677,25,17,1403.4969110488892,
136,spearman,none,ica,elasticnet,subdomain_14,0.8757424090757423,0.8657407407407407,-0.010001668335001601,0.0503889241629672,0.001996007984031936,0.005579489549422334,50,16,196.96650505065918,
137,spearman,none,ica,elasticnet,domain_7,0.8757424090757423,0.8657407407407407,-0.010001668335001601,0.063985838021868,0.001996007984031936,0.011529687649083797,50,17,199.47063040733337,
138,spearman,none,ica,logistic_l2,subdomain_14,0.8780363697030363,0.8695403737070404,-0.00849599599599593,0.0503889241629672,0.001996007984031936,0.005579489549422334,50,16,87.9064736366272,
139,spearman,none,ica,logistic_l2,domain_7,0.8780363697030363,0.8695403737070404,-0.00849599599599593,0.063985838021868,0.001996007984031936,0.011529687649083797,50,17,95.03435111045837,
140,spearman,none,ica,svm_linear,subdomain_14,0.8816149482816151,0.8703203203203204,-0.011294627961294768,0.0503889241629672,0.001996007984031936,0.005579489549422334,50,16,108.95893478393555,
141,spearman,none,ica,svm_linear,domain_7,0.8816149482816151,0.8703203203203204,-0.011294627961294768,0.063985838021868,0.001996007984031936,0.011529687649083797,50,17,106.84552550315857,
142,spearman,none,ica,rf,subdomain_14,0.832082082082082,0.8257549215882548,-0.0063271604938272,0.0503889241629672,0.001996007984031936,0.005579489549422334,50,16,1222.4301550388336,
143,spearman,none,ica,rf,domain_7,0.832082082082082,0.8257549215882548,-0.0063271604938272,0.063985838021868,0.001996007984031936,0.011529687649083797,50,17,1209.337905406952,
144,spearman,none,pca,elasticnet,subdomain_14,0.8757424090757423,0.7271187854521187,-0.14862362362362358,0.0503889241629672,0.001996007984031936,0.04512268304824829,25,17,321.3721134662628,
145,spearman,none,pca,elasticnet,domain_7,0.8757424090757423,0.7271187854521187,-0.14862362362362358,0.063985838021868,0.001996007984031936,0.2872292995452881,25,15,311.97600650787354,
146,spearman,none,pca,logistic_l2,subdomain_14,0.8780363697030363,0.8182766099432766,-0.05975975975975978,0.0503889241629672,0.001996007984031936,0.04512268304824829,25,17,231.8460123538971,
147,spearman,none,pca,logistic_l2,domain_7,0.8780363697030363,0.8182766099432766,-0.05975975975975978,0.063985838021868,0.001996007984031936,0.2872292995452881,25,15,271.4083626270294,
148,spearman,none,pca,svm_linear,subdomain_14,0.8816149482816151,0.8195278611945278,-0.06208708708708732,0.0503889241629672,0.001996007984031936,0.04512268304824829,25,17,322.666494846344,
149,spearman,none,pca,svm_linear,domain_7,0.8816149482816151,0.8195278611945278,-0.06208708708708732,0.063985838021868,0.001996007984031936,0.2872292995452881,25,15,336.7790684700012,
150,spearman,none,pca,rf,subdomain_14,0.832082082082082,0.7863697030363698,-0.04571237904571224,0.0503889241629672,0.001996007984031936,0.04512268304824829,25,17,1225.734851360321,
151,spearman,none,pca,rf,domain_7,0.832082082082082,0.7863697030363698,-0.04571237904571224,0.063985838021868,0.001996007984031936,0.2872292995452881,25,15,1251.0416128635406,
152,spearman,none,nmf,elasticnet,subdomain_14,0.8757424090757423,0.7897230563897231,-0.08601935268601923,0.0503889241629672,0.001996007984031936,0.07719592312590784,50,30,2643.9422838687897,
153,spearman,none,nmf,elasticnet,domain_7,0.8757424090757423,0.7897230563897231,-0.08601935268601923,0.063985838021868,0.001996007984031936,0.24513084584396871,50,28,2629.693236351013,
154,spearman,none,nmf,logistic_l2,subdomain_14,0.8780363697030363,0.8023815482148816,-0.07565482148815472,0.0503889241629672,0.001996007984031936,0.07719592312590784,50,30,945.8073244094849,
155,spearman,none,nmf,logistic_l2,domain_7,0.8780363697030363,0.8023815482148816,-0.07565482148815472,0.063985838021868,0.001996007984031936,0.24513084584396871,50,28,966.0862228870392,
156,spearman,none,nmf,svm_linear,subdomain_14,0.8816149482816151,0.7982399065732398,-0.08337504170837529,0.0503889241629672,0.001996007984031936,0.07719592312590784,50,30,807.7182905673981,
157,spearman,none,nmf,svm_linear,domain_7,0.8816149482816151,0.7982399065732398,-0.08337504170837529,0.063985838021868,0.001996007984031936,0.24513084584396871,50,28,823.2432353496552,
158,spearman,none,nmf,rf,subdomain_14,0.832082082082082,0.8378253253253254,0.005743243243243379,0.0503889241629672,0.001996007984031936,0.07719592312590784,50,30,2068.4659564495087,
159,spearman,none,nmf,rf,domain_7,0.832082082082082,0.8378253253253254,0.005743243243243379,0.063985838021868,0.001996007984031936,0.24513084584396871,50,28,2046.9165771007538,
160,spearman,ols,none,elasticnet,subdomain_14,0.8370787454120787,,,0.02103863141674281,0.015968063872255488,,0,0,31.336328744888306,
161,spearman,ols,none,elasticnet,domain_7,0.8370787454120787,,,0.02132265155989929,0.003992015968063872,,0,0,30.551939487457275,
162,spearman,ols,none,logistic_l2,subdomain_14,0.8373248248248247,,,0.02103863141674281,0.015968063872255488,,0,0,9.816428899765015,
163,spearman,ols,none,logistic_l2,domain_7,0.8373248248248247,,,0.02132265155989929,0.003992015968063872,,0,0,9.828100681304932,
164,spearman,ols,none,svm_linear,subdomain_14,0.8543668668668669,,,0.02103863141674281,0.015968063872255488,,0,0,18.54240584373474,
165,spearman,ols,none,svm_linear,domain_7,0.8543668668668669,,,0.02132265155989929,0.003992015968063872,,0,0,18.541985511779785,
166,spearman,ols,none,rf,subdomain_14,0.8269519519519518,,,0.02103863141674281,0.015968063872255488,,0,0,851.7202689647675,
167,spearman,ols,none,rf,domain_7,0.8269519519519518,,,0.02132265155989929,0.003992015968063872,,0,0,851.1440124511719,
168,spearman,ols,fa,elasticnet,subdomain_14,0.8370787454120787,0.8196738405071737,-0.017404904904904983,0.02103863141674281,0.015968063872255488,8.20159912109375e-05,20,16,667.8038206100464,
169,spearman,ols,fa,elasticnet,domain_7,0.8370787454120787,0.8196738405071737,-0.017404904904904983,0.02132265155989929,0.003992015968063872,0.0005855560302734375,20,16,685.2903299331665,
170,spearman,ols,fa,logistic_l2,subdomain_14,0.8373248248248247,0.8195362028695362,-0.01778862195528852,0.02103863141674281,0.015968063872255488,8.20159912109375e-05,20,16,410.49368691444397,
171,spearman,ols,fa,logistic_l2,domain_7,0.8373248248248247,0.8195362028695362,-0.01778862195528852,0.02132265155989929,0.003992015968063872,0.0005855560302734375,20,16,401.35361981391907,
172,spearman,ols,fa,svm_linear,subdomain_14,0.8543668668668669,0.8197280613947282,-0.03463880547213871,0.02103863141674281,0.015968063872255488,8.20159912109375e-05,20,16,378.084774017334,
173,spearman,ols,fa,svm_linear,domain_7,0.8543668668668669,0.8197280613947282,-0.03463880547213871,0.02132265155989929,0.003992015968063872,0.0005855560302734375,20,16,368.4618573188782,
174,spearman,ols,fa,rf,subdomain_14,0.8269519519519518,0.810085085085085,-0.01686686686686678,0.02103863141674281,0.015968063872255488,8.20159912109375e-05,20,16,1318.8377633094788,
175,spearman,ols,fa,rf,domain_7,0.8269519519519518,0.810085085085085,-0.01686686686686678,0.02132265155989929,0.003992015968063872,0.0005855560302734375,20,16,1338.3733885288239,
176,spearman,ols,ica,elasticnet,subdomain_14,0.8370787454120787,0.8427260593927262,0.005647313980647439,0.02103863141674281,0.015968063872255488,0.055465717070337206,50,22,291.39470314979553,
177,spearman,ols,ica,elasticnet,domain_7,0.8370787454120787,0.8427260593927262,0.005647313980647439,0.02132265155989929,0.003992015968063872,0.0014846473444478647,50,16,305.8918225765228,
178,spearman,ols,ica,logistic_l2,subdomain_14,0.8373248248248247,0.8419753086419753,0.004650483817150608,0.02103863141674281,0.015968063872255488,0.055465717070337206,50,22,147.06562447547913,
179,spearman,ols,ica,logistic_l2,domain_7,0.8373248248248247,0.8419753086419753,0.004650483817150608,0.02132265155989929,0.003992015968063872,0.0014846473444478647,50,16,134.084233045578,
180,spearman,ols,ica,svm_linear,subdomain_14,0.8543668668668669,0.854884050717384,0.0005171838505171333,0.02103863141674281,0.015968063872255488,0.055465717070337206,50,22,136.14464950561523,
181,spearman,ols,ica,svm_linear,domain_7,0.8543668668668669,0.854884050717384,0.0005171838505171333,0.02132265155989929,0.003992015968063872,0.0014846473444478647,50,16,135.96417331695557,
182,spearman,ols,ica,rf,subdomain_14,0.8269519519519518,0.7988300800800802,-0.02812187187187165,0.02103863141674281,0.015968063872255488,0.055465717070337206,50,22,1081.0526168346405,
183,spearman,ols,ica,rf,domain_7,0.8269519519519518,0.7988300800800802,-0.02812187187187165,0.02132265155989929,0.003992015968063872,0.0014846473444478647,50,16,1081.546971321106,
184,spearman,ols,pca,elasticnet,subdomain_14,0.8370787454120787,0.7600809142475808,-0.07699783116449788,0.02103863141674281,0.015968063872255488,0.00830841064453125,20,14,404.83792638778687,
185,spearman,ols,pca,elasticnet,domain_7,0.8370787454120787,0.7600809142475808,-0.07699783116449788,0.02132265155989929,0.003992015968063872,0.029575347900390625,20,13,398.509672164917,
186,spearman,ols,pca,logistic_l2,subdomain_14,0.8373248248248247,0.811644978311645,-0.025679846513179783,0.02103863141674281,0.015968063872255488,0.00830841064453125,20,14,302.00922536849976,
187,spearman,ols,pca,logistic_l2,domain_7,0.8373248248248247,0.811644978311645,-0.025679846513179783,0.02132265155989929,0.003992015968063872,0.029575347900390625,20,13,305.53407859802246,
188,spearman,ols,pca,svm_linear,subdomain_14,0.8543668668668669,0.8126167834501168,-0.04175008341675013,0.02103863141674281,0.015968063872255488,0.00830841064453125,20,14,299.806334733963,
189,spearman,ols,pca,svm_linear,domain_7,0.8543668668668669,0.8126167834501168,-0.04175008341675013,0.02132265155989929,0.003992015968063872,0.029575347900390625,20,13,304.7969436645508,
190,spearman,ols,pca,rf,subdomain_14,0.8269519519519518,0.7963672005338672,-0.030584751418084588,0.02103863141674281,0.015968063872255488,0.00830841064453125,20,14,1199.8157651424408,
191,spearman,ols,pca,rf,domain_7,0.8269519519519518,0.7963672005338672,-0.030584751418084588,0.02132265155989929,0.003992015968063872,0.029575347900390625,20,13,1227.9821622371674,
192,spearman,ols,nmf,elasticnet,subdomain_14,0.8370787454120787,0.7121579913246581,-0.12492075408742065,0.02103863141674281,0.015968063872255488,0.31366564109611517,50,30,2995.7360796928406,
193,spearman,ols,nmf,elasticnet,domain_7,0.8370787454120787,0.7121579913246581,-0.12492075408742065,0.02132265155989929,0.003992015968063872,0.28229295463063053,50,30,2869.2884776592255,
194,spearman,ols,nmf,logistic_l2,subdomain_14,0.8373248248248247,0.7389723056389723,-0.09835251918585242,0.02103863141674281,0.015968063872255488,0.31366564109611517,50,30,1057.9649109840393,
195,spearman,ols,nmf,logistic_l2,domain_7,0.8373248248248247,0.7389723056389723,-0.09835251918585242,0.02132265155989929,0.003992015968063872,0.28229295463063053,50,30,1032.4581599235535,
196,spearman,ols,nmf,svm_linear,subdomain_14,0.8543668668668669,0.7307599265932601,-0.12360694027360686,0.02103863141674281,0.015968063872255488,0.31366564109611517,50,30,847.3267045021057,
197,spearman,ols,nmf,svm_linear,domain_7,0.8543668668668669,0.7307599265932601,-0.12360694027360686,0.02132265155989929,0.003992015968063872,0.28229295463063053,50,30,897.8157002925873,
198,spearman,ols,nmf,rf,subdomain_14,0.8269519519519518,0.8294544544544544,0.0025025025025026126,0.02103863141674281,0.015968063872255488,0.31366564109611517,50,30,2108.3839604854584,
199,spearman,ols,nmf,rf,domain_7,0.8269519519519518,0.8294544544544544,0.0025025025025026126,0.02132265155989929,0.003992015968063872,0.28229295463063053,50,30,2077.982725381851,
240,partial_corr,none,none,elasticnet,subdomain_14,0.7771062729396062,,,-0.0695113165856901,1.0,,0,0,26.573678731918335,
241,partial_corr,none,none,elasticnet,domain_7,0.7771062729396062,,,-0.05426592082283907,1.0,,0,0,26.54959011077881,
242,partial_corr,none,none,logistic_l2,subdomain_14,0.8720220220220221,,,-0.0695113165856901,1.0,,0,0,9.589224338531494,
243,partial_corr,none,none,logistic_l2,domain_7,0.8720220220220221,,,-0.05426592082283907,1.0,,0,0,9.146037817001343,
244,partial_corr,none,none,svm_linear,subdomain_14,0.8686436436436438,,,-0.0695113165856901,1.0,,0,0,31.302420377731323,
245,partial_corr,none,none,svm_linear,domain_7,0.8686436436436438,,,-0.05426592082283907,1.0,,0,0,31.299839973449707,
246,partial_corr,none,none,rf,subdomain_14,0.7750709042375709,,,-0.0695113165856901,1.0,,0,0,851.1609194278717,
247,partial_corr,none,none,rf,domain_7,0.7750709042375709,,,-0.05426592082283907,1.0,,0,0,850.733446598053,
248,partial_corr,none,fa,elasticnet,subdomain_14,0.7771062729396062,0.7700158491825159,-0.007090423757090347,-0.0695113165856901,1.0,0.0625,5,0,386.5474247932434,
249,partial_corr,none,fa,elasticnet,domain_7,0.7771062729396062,0.7700158491825159,-0.007090423757090347,-0.05426592082283907,1.0,0.0625,5,0,405.14022421836853,
250,partial_corr,none,fa,logistic_l2,subdomain_14,0.8720220220220221,0.7707832832832834,-0.10123873873873868,-0.0695113165856901,1.0,0.0625,5,0,283.3625292778015,
251,partial_corr,none,fa,logistic_l2,domain_7,0.8720220220220221,0.7707832832832834,-0.10123873873873868,-0.05426592082283907,1.0,0.0625,5,0,271.17731499671936,
252,partial_corr,none,fa,svm_linear,subdomain_14,0.8686436436436438,0.7696863530196862,-0.09895729062395753,-0.0695113165856901,1.0,0.0625,5,0,284.91329646110535,
253,partial_corr,none,fa,svm_linear,domain_7,0.8686436436436438,0.7696863530196862,-0.09895729062395753,-0.05426592082283907,1.0,0.0625,5,0,294.9296064376831,
254,partial_corr,none,fa,rf,subdomain_14,0.7750709042375709,0.7529237570904238,-0.02214714714714705,-0.0695113165856901,1.0,0.0625,5,0,1192.4895150661469,
255,partial_corr,none,fa,rf,domain_7,0.7750709042375709,0.7529237570904238,-0.02214714714714705,-0.05426592082283907,1.0,0.0625,5,0,1207.8150308132172,
256,partial_corr,none,ica,elasticnet,subdomain_14,0.7771062729396062,0.8658241574908242,0.08871788455121798,-0.0695113165856901,1.0,0.028256978552906986,50,33,361.330757856369,
257,partial_corr,none,ica,elasticnet,domain_7,0.7771062729396062,0.8658241574908242,0.08871788455121798,-0.05426592082283907,1.0,0.00594215911497642,50,35,343.3390357494354,
258,partial_corr,none,ica,logistic_l2,subdomain_14,0.8720220220220221,0.8692901234567902,-0.002731898565231816,-0.0695113165856901,1.0,0.028256978552906986,50,33,149.9940586090088,
259,partial_corr,none,ica,logistic_l2,domain_7,0.8720220220220221,0.8692901234567902,-0.002731898565231816,-0.05426592082283907,1.0,0.00594215911497642,50,35,154.9393618106842,
260,partial_corr,none,ica,svm_linear,subdomain_14,0.8686436436436438,0.8658033033033032,-0.0028403403403405303,-0.0695113165856901,1.0,0.028256978552906986,50,33,162.82792448997498,
261,partial_corr,none,ica,svm_linear,domain_7,0.8686436436436438,0.8658033033033032,-0.0028403403403405303,-0.05426592082283907,1.0,0.00594215911497642,50,35,169.28270626068115,
262,partial_corr,none,ica,rf,subdomain_14,0.7750709042375709,0.8096700867534199,0.034599182515849036,-0.0695113165856901,1.0,0.028256978552906986,50,33,1142.6665604114532,
263,partial_corr,none,ica,rf,domain_7,0.7750709042375709,0.8096700867534199,0.034599182515849036,-0.05426592082283907,1.0,0.00594215911497642,50,35,1130.6719765663147,
264,partial_corr,none,pca,elasticnet,subdomain_14,0.7771062729396062,0.6891933600266934,-0.08791291291291281,-0.0695113165856901,1.0,0.0625,5,0,292.4231686592102,
265,partial_corr,none,pca,elasticnet,domain_7,0.7771062729396062,0.6891933600266934,-0.08791291291291281,-0.05426592082283907,1.0,0.0625,5,0,298.00418639183044,
266,partial_corr,none,pca,logistic_l2,subdomain_14,0.8720220220220221,0.7692317317317316,-0.10279029029029041,-0.0695113165856901,1.0,0.0625,5,0,251.94893145561218,
267,partial_corr,none,pca,logistic_l2,domain_7,0.8720220220220221,0.7692317317317316,-0.10279029029029041,-0.05426592082283907,1.0,0.0625,5,0,251.70472025871277,
268,partial_corr,none,pca,svm_linear,subdomain_14,0.8686436436436438,0.7701284617951285,-0.09851518184851527,-0.0695113165856901,1.0,0.0625,5,0,275.56282806396484,
269,partial_corr,none,pca,svm_linear,domain_7,0.8686436436436438,0.7701284617951285,-0.09851518184851527,-0.05426592082283907,1.0,0.0625,5,0,274.4085476398468,
270,partial_corr,none,pca,rf,subdomain_14,0.7750709042375709,0.7489280947614281,-0.02614280947614278,-0.0695113165856901,1.0,0.0625,5,0,1141.1813428401947,
271,partial_corr,none,pca,rf,domain_7,0.7750709042375709,0.7489280947614281,-0.02614280947614278,-0.05426592082283907,1.0,0.0625,5,0,1153.5939021110535,
272,partial_corr,none,nmf,elasticnet,subdomain_14,0.7771062729396062,0.7345929262595929,-0.042513346680013275,-0.0695113165856901,1.0,0.02237794255729675,50,18,2251.363827228546,
273,partial_corr,none,nmf,elasticnet,domain_7,0.7771062729396062,0.7345929262595929,-0.042513346680013275,-0.05426592082283907,1.0,5.639617199193481e-05,50,36,2194.5319085121155,
274,partial_corr,none,nmf,logistic_l2,subdomain_14,0.8720220220220221,0.7505588922255588,-0.12146312979646323,-0.0695113165856901,1.0,0.02237794255729675,50,18,852.6959226131439,
275,partial_corr,none,nmf,logistic_l2,domain_7,0.8720220220220221,0.7505588922255588,-0.12146312979646323,-0.05426592082283907,1.0,5.639617199193481e-05,50,36,820.6610596179962,
276,partial_corr,none,nmf,svm_linear,subdomain_14,0.8686436436436438,0.7404362696029363,-0.12820737404070748,-0.0695113165856901,1.0,0.02237794255729675,50,18,689.8797702789307,
277,partial_corr,none,nmf,svm_linear,domain_7,0.8686436436436438,0.7404362696029363,-0.12820737404070748,-0.05426592082283907,1.0,5.639617199193481e-05,50,36,691.2166931629181,
278,partial_corr,none,nmf,rf,subdomain_14,0.7750709042375709,0.8256631631631631,0.05059225892559227,-0.0695113165856901,1.0,0.02237794255729675,50,18,1859.684634923935,
279,partial_corr,none,nmf,rf,domain_7,0.7750709042375709,0.8256631631631631,0.05059225892559227,-0.05426592082283907,1.0,5.639617199193481e-05,50,36,1870.5236048698425,
280,partial_corr,ols,none,elasticnet,subdomain_14,0.7277277277277276,,,-0.030735404504746544,1.0,,0,0,30.600311040878296,
281,partial_corr,ols,none,elasticnet,domain_7,0.7277277277277276,,,-0.02284327041732516,1.0,,0,0,30.576059579849243,
282,partial_corr,ols,none,logistic_l2,subdomain_14,0.826730897564231,,,-0.030735404504746544,1.0,,0,0,9.452037334442139,
283,partial_corr,ols,none,logistic_l2,domain_7,0.826730897564231,,,-0.02284327041732516,1.0,,0,0,9.46272349357605,
284,partial_corr,ols,none,svm_linear,subdomain_14,0.8176551551551551,,,-0.030735404504746544,1.0,,0,0,16.91218376159668,
285,partial_corr,ols,none,svm_linear,domain_7,0.8176551551551551,,,-0.02284327041732516,1.0,,0,0,16.89854621887207,
286,partial_corr,ols,none,rf,subdomain_14,0.7876334668001335,,,-0.030735404504746544,1.0,,0,0,883.2828052043915,
287,partial_corr,ols,none,rf,domain_7,0.7876334668001335,,,-0.02284327041732516,1.0,,0,0,882.3739397525787,
288,partial_corr,ols,fa,elasticnet,subdomain_14,0.7277277277277276,0.7729270937604271,0.04519936603269947,-0.030735404504746544,1.0,0.0625,5,0,405.2671627998352,
289,partial_corr,ols,fa,elasticnet,domain_7,0.7277277277277276,0.7729270937604271,0.04519936603269947,-0.02284327041732516,1.0,0.0625,5,0,381.06102299690247,
290,partial_corr,ols,fa,logistic_l2,subdomain_14,0.826730897564231,0.7786327994661328,-0.048098098098098174,-0.030735404504746544,1.0,0.0625,5,0,285.62877345085144,
291,partial_corr,ols,fa,logistic_l2,domain_7,0.826730897564231,0.7786327994661328,-0.048098098098098174,-0.02284327041732516,1.0,0.0625,5,0,302.0754599571228,
292,partial_corr,ols,fa,svm_linear,subdomain_14,0.8176551551551551,0.7748665331998665,-0.04278862195528854,-0.030735404504746544,1.0,0.0625,5,0,281.112277507782,
293,partial_corr,ols,fa,svm_linear,domain_7,0.8176551551551551,0.7748665331998665,-0.04278862195528854,-0.02284327041732516,1.0,0.0625,5,0,277.8087697029114,
294,partial_corr,ols,fa,rf,subdomain_14,0.7876334668001335,0.7651526526526526,-0.02248081414748082,-0.030735404504746544,1.0,0.0625,5,0,1212.7761418819427,
295,partial_corr,ols,fa,rf,domain_7,0.7876334668001335,0.7651526526526526,-0.02248081414748082,-0.02284327041732516,1.0,0.0625,5,0,1236.4526526927948,
296,partial_corr,ols,ica,elasticnet,subdomain_14,0.7277277277277276,0.8323031364698033,0.1045754087420756,-0.030735404504746544,1.0,0.11848533640686121,50,30,319.0712344646454,
297,partial_corr,ols,ica,elasticnet,domain_7,0.7277277277277276,0.8323031364698033,0.1045754087420756,-0.02284327041732516,1.0,0.029727315082014982,50,33,305.2399802207947,
298,partial_corr,ols,ica,logistic_l2,subdomain_14,0.826730897564231,0.8371496496496496,0.010418752085418537,-0.030735404504746544,1.0,0.11848533640686121,50,30,137.49646282196045,
299,partial_corr,ols,ica,logistic_l2,domain_7,0.826730897564231,0.8371496496496496,0.010418752085418537,-0.02284327041732516,1.0,0.029727315082014982,50,33,133.55852603912354,
300,partial_corr,ols,ica,svm_linear,subdomain_14,0.8176551551551551,0.8398648648648648,0.022209709709709702,-0.030735404504746544,1.0,0.11848533640686121,50,30,123.04624152183533,
301,partial_corr,ols,ica,svm_linear,domain_7,0.8176551551551551,0.8398648648648648,0.022209709709709702,-0.02284327041732516,1.0,0.029727315082014982,50,33,143.68505764007568,
302,partial_corr,ols,ica,rf,subdomain_14,0.7876334668001335,0.7846137804471138,-0.003019686353019635,-0.030735404504746544,1.0,0.11848533640686121,50,30,1128.4277980327606,
303,partial_corr,ols,ica,rf,domain_7,0.7876334668001335,0.7846137804471138,-0.003019686353019635,-0.02284327041732516,1.0,0.029727315082014982,50,33,1130.0798325538635,
304,partial_corr,ols,pca,elasticnet,subdomain_14,0.7277277277277276,0.7589714714714715,0.031243743743743835,-0.030735404504746544,1.0,0.0625,5,0,306.54411721229553,
305,partial_corr,ols,pca,elasticnet,domain_7,0.7277277277277276,0.7589714714714715,0.031243743743743835,-0.02284327041732516,1.0,0.0625,5,0,290.8197364807129,
306,partial_corr,ols,pca,logistic_l2,subdomain_14,0.826730897564231,0.7749082415749082,-0.051822655989322786,-0.030735404504746544,1.0,0.0625,5,0,239.2102518081665,
307,partial_corr,ols,pca,logistic_l2,domain_7,0.826730897564231,0.7749082415749082,-0.051822655989322786,-0.02284327041732516,1.0,0.0625,5,0,238.64710187911987,
308,partial_corr,ols,pca,svm_linear,subdomain_14,0.8176551551551551,0.7753628628628628,-0.042292292292292255,-0.030735404504746544,1.0,0.0625,5,0,243.73862218856812,
309,partial_corr,ols,pca,svm_linear,domain_7,0.8176551551551551,0.7753628628628628,-0.042292292292292255,-0.02284327041732516,1.0,0.0625,5,0,255.3021755218506,
310,partial_corr,ols,pca,rf,subdomain_14,0.7876334668001335,0.7702452452452453,-0.017388221554888172,-0.030735404504746544,1.0,0.0625,5,0,1160.0914137363434,
311,partial_corr,ols,pca,rf,domain_7,0.7876334668001335,0.7702452452452453,-0.017388221554888172,-0.02284327041732516,1.0,0.0625,5,0,1171.017518043518,
312,partial_corr,ols,nmf,elasticnet,subdomain_14,0.7277277277277276,0.767505005005005,0.03977727727727731,-0.030735404504746544,1.0,0.06633200503891068,50,19,2350.279091835022,
313,partial_corr,ols,nmf,elasticnet,domain_7,0.7277277277277276,0.767505005005005,0.03977727727727731,-0.02284327041732516,1.0,0.003099259960384515,50,33,2345.3870503902435,
314,partial_corr,ols,nmf,logistic_l2,subdomain_14,0.826730897564231,0.7772731064397731,-0.04945779112445792,-0.030735404504746544,1.0,0.06633200503891068,50,19,848.7767007350922,
315,partial_corr,ols,nmf,logistic_l2,domain_7,0.826730897564231,0.7772731064397731,-0.04945779112445792,-0.02284327041732516,1.0,0.003099259960384515,50,33,850.1203029155731,
316,partial_corr,ols,nmf,svm_linear,subdomain_14,0.8176551551551551,0.7617575909242575,-0.055897564230897534,-0.030735404504746544,1.0,0.06633200503891068,50,19,713.3064053058624,
317,partial_corr,ols,nmf,svm_linear,domain_7,0.8176551551551551,0.7617575909242575,-0.055897564230897534,-0.02284327041732516,1.0,0.003099259960384515,50,33,704.6327757835388,
318,partial_corr,ols,nmf,rf,subdomain_14,0.7876334668001335,0.7692275608942276,-0.01840590590590585,-0.030735404504746544,1.0,0.06633200503891068,50,19,1995.7565851211548,
319,partial_corr,ols,nmf,rf,domain_7,0.7876334668001335,0.7692275608942276,-0.01840590590590585,-0.02284327041732516,1.0,0.003099259960384515,50,33,1981.454059123993,
360,mutual_info,none,none,elasticnet,subdomain_14,0.7977977977977979,,,-0.029143036485674956,1.0,,0,0,28.0621817111969,
361,mutual_info,none,none,elasticnet,domain_7,0.7977977977977979,,,-0.004633552582774342,0.8143712574850299,,0,0,28.055081844329834,
362,mutual_info,none,none,logistic_l2,subdomain_14,0.8650066733400067,,,-0.029143036485674956,1.0,,0,0,9.612398386001587,
363,mutual_info,none,none,logistic_l2,domain_7,0.8650066733400067,,,-0.004633552582774342,0.8143712574850299,,0,0,9.624610424041748,
364,mutual_info,none,none,svm_linear,subdomain_14,0.8620995995995996,,,-0.029143036485674956,1.0,,0,0,33.711172580718994,
365,mutual_info,none,none,svm_linear,domain_7,0.8620995995995996,,,-0.004633552582774342,0.8143712574850299,,0,0,33.560160875320435,
366,mutual_info,none,none,rf,subdomain_14,0.8202494160827494,,,-0.029143036485674956,1.0,,0,0,786.7163543701172,
367,mutual_info,none,none,rf,domain_7,0.8202494160827494,,,-0.004633552582774342,0.8143712574850299,,0,0,785.5589332580566,
368,mutual_info,none,fa,elasticnet,subdomain_14,0.7977977977977979,0.7181014347681014,-0.07969636302969652,-0.029143036485674956,1.0,0.4921875,10,6,443.21642088890076,
369,mutual_info,none,fa,elasticnet,domain_7,0.7977977977977979,0.7181014347681014,-0.07969636302969652,-0.004633552582774342,0.8143712574850299,0.625,10,6,446.2469401359558,
370,mutual_info,none,fa,logistic_l2,subdomain_14,0.8650066733400067,0.7372997997997998,-0.12770687354020693,-0.029143036485674956,1.0,0.4921875,10,6,298.4913377761841,
371,mutual_info,none,fa,logistic_l2,domain_7,0.8650066733400067,0.7372997997997998,-0.12770687354020693,-0.004633552582774342,0.8143712574850299,0.625,10,6,295.40004444122314,
372,mutual_info,none,fa,svm_linear,subdomain_14,0.8620995995995996,0.7357941274607941,-0.1263054721388055,-0.029143036485674956,1.0,0.4921875,10,6,335.28660678863525,
373,mutual_info,none,fa,svm_linear,domain_7,0.8620995995995996,0.7357941274607941,-0.1263054721388055,-0.004633552582774342,0.8143712574850299,0.625,10,6,317.9717366695404,
374,mutual_info,none,fa,rf,subdomain_14,0.8202494160827494,0.7362028695362028,-0.08404654654654653,-0.029143036485674956,1.0,0.4921875,10,6,1104.3907742500305,
375,mutual_info,none,fa,rf,domain_7,0.8202494160827494,0.7362028695362028,-0.08404654654654653,-0.004633552582774342,0.8143712574850299,0.625,10,6,1113.87970495224,
376,mutual_info,none,ica,elasticnet,subdomain_14,0.7977977977977979,0.8124124124124125,0.014614614614614552,-0.029143036485674956,1.0,0.0013303578723942167,50,13,281.77783250808716,
377,mutual_info,none,ica,elasticnet,domain_7,0.7977977977977979,0.8124124124124125,0.014614614614614552,-0.004633552582774342,0.8143712574850299,0.022974872408266123,50,20,278.4431879520416,
378,mutual_info,none,ica,logistic_l2,subdomain_14,0.8650066733400067,0.8126084417751086,-0.05239823156489809,-0.029143036485674956,1.0,0.0013303578723942167,50,13,121.3059434890747,
379,mutual_info,none,ica,logistic_l2,domain_7,0.8650066733400067,0.8126084417751086,-0.05239823156489809,-0.004633552582774342,0.8143712574850299,0.022974872408266123,50,20,117.27929830551147,
380,mutual_info,none,ica,svm_linear,subdomain_14,0.8620995995995996,0.8172047047047049,-0.04489489489489473,-0.029143036485674956,1.0,0.0013303578723942167,50,13,128.70362758636475,
381,mutual_info,none,ica,svm_linear,domain_7,0.8620995995995996,0.8172047047047049,-0.04489489489489473,-0.004633552582774342,0.8143712574850299,0.022974872408266123,50,20,134.76539492607117,
382,mutual_info,none,ica,rf,subdomain_14,0.8202494160827494,0.779637971304638,-0.040611444778111405,-0.029143036485674956,1.0,0.0013303578723942167,50,13,975.9146010875702,
383,mutual_info,none,ica,rf,domain_7,0.8202494160827494,0.779637971304638,-0.040611444778111405,-0.004633552582774342,0.8143712574850299,0.022974872408266123,50,20,975.1264090538025,
384,mutual_info,none,pca,elasticnet,subdomain_14,0.7977977977977979,0.6735881715048382,-0.12420962629295973,-0.029143036485674956,1.0,0.4921875,10,7,309.74607133865356,
385,mutual_info,none,pca,elasticnet,domain_7,0.7977977977977979,0.6735881715048382,-0.12420962629295973,-0.004633552582774342,0.8143712574850299,0.4921875,10,6,303.146080493927,
386,mutual_info,none,pca,logistic_l2,subdomain_14,0.8650066733400067,0.7359901568234901,-0.12901651651651658,-0.029143036485674956,1.0,0.4921875,10,7,264.8509187698364,
387,mutual_info,none,pca,logistic_l2,domain_7,0.8650066733400067,0.7359901568234901,-0.12901651651651658,-0.004633552582774342,0.8143712574850299,0.4921875,10,6,251.30171489715576,
388,mutual_info,none,pca,svm_linear,subdomain_14,0.8620995995995996,0.7353895562228896,-0.12671004337671,-0.029143036485674956,1.0,0.4921875,10,7,273.8476815223694,
389,mutual_info,none,pca,svm_linear,domain_7,0.8620995995995996,0.7353895562228896,-0.12671004337671,-0.004633552582774342,0.8143712574850299,0.4921875,10,6,295.52786898612976,
390,mutual_info,none,pca,rf,subdomain_14,0.8202494160827494,0.7313751251251251,-0.08887429095762422,-0.029143036485674956,1.0,0.4921875,10,7,1051.887281179428,
391,mutual_info,none,pca,rf,domain_7,0.8202494160827494,0.7313751251251251,-0.08887429095762422,-0.004633552582774342,0.8143712574850299,0.4921875,10,6,1053.560968875885,
392,mutual_info,none,nmf,elasticnet,subdomain_14,0.7977977977977979,0.736353019686353,-0.06144477811144489,-0.029143036485674956,1.0,2.433608869978343e-13,50,2,1921.701840877533,
80,pearson_z,combat,none,elasticnet,subdomain_14,0.8028653653653652,,,0.02076012517201481,0.015968063872255488,,0,0,26.556416988372803,
81,pearson_z,combat,none,elasticnet,domain_7,0.8028653653653652,,,0.023702726747667657,0.001996007984031936,,0,0,26.35707712173462,
82,pearson_z,combat,none,logistic_l2,subdomain_14,0.793677010343677,,,0.02076012517201481,0.015968063872255488,,0,0,7.910243034362793,
83,pearson_z,combat,none,logistic_l2,domain_7,0.793677010343677,,,0.023702726747667657,0.001996007984031936,,0,0,7.874225378036499,
84,pearson_z,combat,none,svm_linear,subdomain_14,0.7956456456456457,,,0.02076012517201481,0.015968063872255488,,0,0,16.79847478866577,
85,pearson_z,combat,none,svm_linear,domain_7,0.7956456456456457,,,0.023702726747667657,0.001996007984031936,,0,0,16.542685747146606,
86,pearson_z,combat,none,rf,subdomain_14,0.801514014014014,,,0.02076012517201481,0.015968063872255488,,0,0,668.1018626689911,
87,pearson_z,combat,none,rf,domain_7,0.801514014014014,,,0.023702726747667657,0.001996007984031936,,0,0,665.0585539340973,
88,pearson_z,combat,fa,elasticnet,subdomain_14,0.8028653653653652,0.795779112445779,-0.0070862529195862,0.02076012517201481,0.015968063872255488,0.0007149577140808105,25,17,315.8418252468109,
89,pearson_z,combat,fa,elasticnet,domain_7,0.8028653653653652,0.795779112445779,-0.0070862529195862,0.023702726747667657,0.001996007984031936,0.029578447341918945,25,16,290.89053893089294,
90,pearson_z,combat,fa,logistic_l2,subdomain_14,0.793677010343677,0.8009801468134802,0.007303136469803184,0.02076012517201481,0.015968063872255488,0.0007149577140808105,25,17,188.63400959968567,
91,pearson_z,combat,fa,logistic_l2,domain_7,0.793677010343677,0.8009801468134802,0.007303136469803184,0.023702726747667657,0.001996007984031936,0.029578447341918945,25,16,191.45371222496033,
92,pearson_z,combat,fa,svm_linear,subdomain_14,0.7956456456456457,0.8045337003670339,0.008888054721388206,0.02076012517201481,0.015968063872255488,0.0007149577140808105,25,17,173.20537614822388,
93,pearson_z,combat,fa,svm_linear,domain_7,0.7956456456456457,0.8045337003670339,0.008888054721388206,0.023702726747667657,0.001996007984031936,0.029578447341918945,25,16,178.69096422195435,
94,pearson_z,combat,fa,rf,subdomain_14,0.801514014014014,0.774484901568235,-0.02702911244577899,0.02076012517201481,0.015968063872255488,0.0007149577140808105,25,17,906.1128869056702,
95,pearson_z,combat,fa,rf,domain_7,0.801514014014014,0.774484901568235,-0.02702911244577899,0.023702726747667657,0.001996007984031936,0.029578447341918945,25,16,903.7428052425385,
96,pearson_z,combat,ica,elasticnet,subdomain_14,0.8028653653653652,0.816036870203537,0.013171504838171755,0.02076012517201481,0.015968063872255488,0.027545164283727885,50,20,136.29308223724365,
97,pearson_z,combat,ica,elasticnet,domain_7,0.8028653653653652,0.816036870203537,0.013171504838171755,0.023702726747667657,0.001996007984031936,0.01531204751384152,50,16,139.76964020729065,
98,pearson_z,combat,ica,logistic_l2,subdomain_14,0.793677010343677,0.8167459125792458,0.02306890223556879,0.02076012517201481,0.015968063872255488,0.027545164283727885,50,20,61.24160552024841,
99,pearson_z,combat,ica,logistic_l2,domain_7,0.793677010343677,0.8167459125792458,0.02306890223556879,0.023702726747667657,0.001996007984031936,0.01531204751384152,50,16,62.119165897369385,
100,pearson_z,combat,ica,svm_linear,subdomain_14,0.7956456456456457,0.8210085085085085,0.025362862862862823,0.02076012517201481,0.015968063872255488,0.027545164283727885,50,20,66.47970843315125,
101,pearson_z,combat,ica,svm_linear,domain_7,0.7956456456456457,0.8210085085085085,0.025362862862862823,0.023702726747667657,0.001996007984031936,0.01531204751384152,50,16,65.02152490615845,
102,pearson_z,combat,ica,rf,subdomain_14,0.801514014014014,0.800196029362696,-0.0013179846513180493,0.02076012517201481,0.015968063872255488,0.027545164283727885,50,20,763.0671908855438,
103,pearson_z,combat,ica,rf,domain_7,0.801514014014014,0.800196029362696,-0.0013179846513180493,0.023702726747667657,0.001996007984031936,0.01531204751384152,50,16,764.0545089244843,
104,pearson_z,combat,pca,elasticnet,subdomain_14,0.8028653653653652,0.7297005338672006,-0.07316483149816466,0.02076012517201481,0.015968063872255488,0.017312347888946533,25,16,189.82801389694214,
105,pearson_z,combat,pca,elasticnet,domain_7,0.8028653653653652,0.7297005338672006,-0.07316483149816466,0.023702726747667657,0.001996007984031936,0.08513903617858887,25,15,196.86975860595703,
106,pearson_z,combat,pca,logistic_l2,subdomain_14,0.793677010343677,0.7929304304304304,-0.0007465799132465589,0.02076012517201481,0.015968063872255488,0.017312347888946533,25,16,157.31665205955505,
107,pearson_z,combat,pca,logistic_l2,domain_7,0.793677010343677,0.7929304304304304,-0.0007465799132465589,0.023702726747667657,0.001996007984031936,0.08513903617858887,25,15,146.78614687919617,
108,pearson_z,combat,pca,svm_linear,subdomain_14,0.7956456456456457,0.7949908241574908,-0.0006548214881548775,0.02076012517201481,0.015968063872255488,0.017312347888946533,25,16,159.09305214881897,
109,pearson_z,combat,pca,svm_linear,domain_7,0.7956456456456457,0.7949908241574908,-0.0006548214881548775,0.023702726747667657,0.001996007984031936,0.08513903617858887,25,15,151.23256659507751,
110,pearson_z,combat,pca,rf,subdomain_14,0.801514014014014,0.7661745078411745,-0.03533950617283954,0.02076012517201481,0.015968063872255488,0.017312347888946533,25,16,849.6139304637909,
111,pearson_z,combat,pca,rf,domain_7,0.801514014014014,0.7661745078411745,-0.03533950617283954,0.023702726747667657,0.001996007984031936,0.08513903617858887,25,15,854.5350434780121,
112,pearson_z,combat,nmf,elasticnet,subdomain_14,0.8028653653653652,0.7706456456456457,-0.032219719719719486,0.02076012517201481,0.015968063872255488,0.8482444441392172,50,27,2182.4421696662903,
113,pearson_z,combat,nmf,elasticnet,domain_7,0.8028653653653652,0.7706456456456457,-0.032219719719719486,0.023702726747667657,0.001996007984031936,0.9085978224870299,50,27,2186.248053789139,
114,pearson_z,combat,nmf,logistic_l2,subdomain_14,0.793677010343677,0.782937103770437,-0.010739906573239977,0.02076012517201481,0.015968063872255488,0.8482444441392172,50,27,778.6667268276215,
115,pearson_z,combat,nmf,logistic_l2,domain_7,0.793677010343677,0.782937103770437,-0.010739906573239977,0.023702726747667657,0.001996007984031936,0.9085978224870299,50,27,777.1543979644775,
116,pearson_z,combat,nmf,svm_linear,subdomain_14,0.7956456456456457,0.7811353019686352,-0.014510343677010429,0.02076012517201481,0.015968063872255488,0.8482444441392172,50,27,650.380419254303,
117,pearson_z,combat,nmf,svm_linear,domain_7,0.7956456456456457,0.7811353019686352,-0.014510343677010429,0.023702726747667657,0.001996007984031936,0.9085978224870299,50,27,650.4272155761719,
118,pearson_z,combat,nmf,rf,subdomain_14,0.801514014014014,0.8066608274941608,0.0051468134801467835,0.02076012517201481,0.015968063872255488,0.8482444441392172,50,27,1606.0681052207947,
119,pearson_z,combat,nmf,rf,domain_7,0.801514014014014,0.8066608274941608,0.0051468134801467835,0.023702726747667657,0.001996007984031936,0.9085978224870299,50,27,1609.0768311023712,
200,spearman,combat,none,elasticnet,subdomain_14,0.8273356690023357,,,0.020970636563044542,0.013972055888223553,,0,0,26.371261835098267,
201,spearman,combat,none,elasticnet,domain_7,0.8273356690023357,,,0.020705529855643834,0.003992015968063872,,0,0,26.35744595527649,
202,spearman,combat,none,logistic_l2,subdomain_14,0.820995995995996,,,0.020970636563044542,0.013972055888223553,,0,0,7.812237739562988,
203,spearman,combat,none,logistic_l2,domain_7,0.820995995995996,,,0.020705529855643834,0.003992015968063872,,0,0,7.812270879745483,
204,spearman,combat,none,svm_linear,subdomain_14,0.8217926259592927,,,0.020970636563044542,0.013972055888223553,,0,0,16.616593837738037,
205,spearman,combat,none,svm_linear,domain_7,0.8217926259592927,,,0.020705529855643834,0.003992015968063872,,0,0,16.6788387298584,
206,spearman,combat,none,rf,subdomain_14,0.8112612612612612,,,0.020970636563044542,0.013972055888223553,,0,0,646.6056108474731,
207,spearman,combat,none,rf,domain_7,0.8112612612612612,,,0.020705529855643834,0.003992015968063872,,0,0,645.4765133857727,
208,spearman,combat,fa,elasticnet,subdomain_14,0.8273356690023357,0.8048423423423424,-0.022493326659993262,0.020970636563044542,0.013972055888223553,8.20159912109375e-05,20,17,299.8194160461426,
209,spearman,combat,fa,elasticnet,domain_7,0.8273356690023357,0.8048423423423424,-0.022493326659993262,0.020705529855643834,0.003992015968063872,0.0010166168212890625,20,17,260.36860632896423,
210,spearman,combat,fa,logistic_l2,subdomain_14,0.820995995995996,0.805880880880881,-0.015115115115115096,0.020970636563044542,0.013972055888223553,8.20159912109375e-05,20,17,177.81167197227478,
211,spearman,combat,fa,logistic_l2,domain_7,0.820995995995996,0.805880880880881,-0.015115115115115096,0.020705529855643834,0.003992015968063872,0.0010166168212890625,20,17,184.46078777313232,
212,spearman,combat,fa,svm_linear,subdomain_14,0.8217926259592927,0.8083375041708376,-0.013455121788455093,0.020970636563044542,0.013972055888223553,8.20159912109375e-05,20,17,167.99087595939636,
213,spearman,combat,fa,svm_linear,domain_7,0.8217926259592927,0.8083375041708376,-0.013455121788455093,0.020705529855643834,0.003992015968063872,0.0010166168212890625,20,17,172.2283811569214,
214,spearman,combat,fa,rf,subdomain_14,0.8112612612612612,0.7884342676009342,-0.022826993660327033,0.020970636563044542,0.013972055888223553,8.20159912109375e-05,20,17,877.7483003139496,
215,spearman,combat,fa,rf,domain_7,0.8112612612612612,0.7884342676009342,-0.022826993660327033,0.020705529855643834,0.003992015968063872,0.0010166168212890625,20,17,879.8018918037415,
216,spearman,combat,ica,elasticnet,subdomain_14,0.8273356690023357,0.820508008008008,-0.006827660994327633,0.020970636563044542,0.013972055888223553,0.012568191503659065,50,18,132.2395350933075,
217,spearman,combat,ica,elasticnet,domain_7,0.8273356690023357,0.820508008008008,-0.006827660994327633,0.020705529855643834,0.003992015968063872,0.010566648384996213,50,18,134.00175762176514,
218,spearman,combat,ica,logistic_l2,subdomain_14,0.820995995995996,0.8275900900900901,0.006594094094094061,0.020970636563044542,0.013972055888223553,0.012568191503659065,50,18,59.50631523132324,
219,spearman,combat,ica,logistic_l2,domain_7,0.820995995995996,0.8275900900900901,0.006594094094094061,0.020705529855643834,0.003992015968063872,0.010566648384996213,50,18,58.50528359413147,
220,spearman,combat,ica,svm_linear,subdomain_14,0.8217926259592927,0.841508174841508,0.019715548882215272,0.020970636563044542,0.013972055888223553,0.012568191503659065,50,18,63.5149290561676,
221,spearman,combat,ica,svm_linear,domain_7,0.8217926259592927,0.841508174841508,0.019715548882215272,0.020705529855643834,0.003992015968063872,0.010566648384996213,50,18,62.89716339111328,
222,spearman,combat,ica,rf,subdomain_14,0.8112612612612612,0.8170754087420754,0.0058141474808142135,0.020970636563044542,0.013972055888223553,0.012568191503659065,50,18,743.0847005844116,
223,spearman,combat,ica,rf,domain_7,0.8112612612612612,0.8170754087420754,0.0058141474808142135,0.020705529855643834,0.003992015968063872,0.010566648384996213,50,18,739.3208401203156,
224,spearman,combat,pca,elasticnet,subdomain_14,0.8273356690023357,0.7212504170837504,-0.10608525191858531,0.020970636563044542,0.013972055888223553,0.00830841064453125,20,15,215.83137726783752,
225,spearman,combat,pca,elasticnet,domain_7,0.8273356690023357,0.7212504170837504,-0.10608525191858531,0.020705529855643834,0.003992015968063872,0.05316925048828125,20,14,202.49012899398804,
226,spearman,combat,pca,logistic_l2,subdomain_14,0.820995995995996,0.7970136803470137,-0.023982315648982344,0.020970636563044542,0.013972055888223553,0.00830841064453125,20,15,163.0497088432312,
227,spearman,combat,pca,logistic_l2,domain_7,0.820995995995996,0.7970136803470137,-0.023982315648982344,0.020705529855643834,0.003992015968063872,0.05316925048828125,20,14,153.3313217163086,
228,spearman,combat,pca,svm_linear,subdomain_14,0.8217926259592927,0.7997872872872873,-0.02200533867200538,0.020970636563044542,0.013972055888223553,0.00830841064453125,20,15,166.10201025009155,
229,spearman,combat,pca,svm_linear,domain_7,0.8217926259592927,0.7997872872872873,-0.02200533867200538,0.020705529855643834,0.003992015968063872,0.05316925048828125,20,14,173.88605070114136,
230,spearman,combat,pca,rf,subdomain_14,0.8112612612612612,0.7737612612612612,-0.03749999999999998,0.020970636563044542,0.013972055888223553,0.00830841064453125,20,15,838.8671398162842,
231,spearman,combat,pca,rf,domain_7,0.8112612612612612,0.7737612612612612,-0.03749999999999998,0.020705529855643834,0.003992015968063872,0.05316925048828125,20,14,840.7089550495148,
232,spearman,combat,nmf,elasticnet,subdomain_14,0.8273356690023357,0.7440231898565233,-0.08331247914581241,0.020970636563044542,0.013972055888223553,0.3044806608698192,50,27,2171.206476688385,
233,spearman,combat,nmf,elasticnet,domain_7,0.8273356690023357,0.7440231898565233,-0.08331247914581241,0.020705529855643834,0.003992015968063872,0.1406841997467243,50,30,2168.6076836586,
234,spearman,combat,nmf,logistic_l2,subdomain_14,0.820995995995996,0.7528194861528196,-0.06817650984317647,0.020970636563044542,0.013972055888223553,0.3044806608698192,50,27,780.4742116928101,
235,spearman,combat,nmf,logistic_l2,domain_7,0.820995995995996,0.7528194861528196,-0.06817650984317647,0.020705529855643834,0.003992015968063872,0.1406841997467243,50,30,780.9083111286163,
236,spearman,combat,nmf,svm_linear,subdomain_14,0.8217926259592927,0.7506798465131799,-0.07111277944611283,0.020970636563044542,0.013972055888223553,0.3044806608698192,50,27,652.8198142051697,
237,spearman,combat,nmf,svm_linear,domain_7,0.8217926259592927,0.7506798465131799,-0.07111277944611283,0.020705529855643834,0.003992015968063872,0.1406841997467243,50,30,661.8338921070099,
238,spearman,combat,nmf,rf,subdomain_14,0.8112612612612612,0.8027777777777778,-0.008483483483483378,0.020970636563044542,0.013972055888223553,0.3044806608698192,50,27,1596.3879055976868,
239,spearman,combat,nmf,rf,domain_7,0.8112612612612612,0.8027777777777778,-0.008483483483483378,0.020705529855643834,0.003992015968063872,0.1406841997467243,50,30,1600.1976745128632,
320,partial_corr,combat,none,elasticnet,subdomain_14,0.7403403403403404,,,-0.030621799788657367,1.0,,0,0,25.775761604309082,
321,partial_corr,combat,none,elasticnet,domain_7,0.7403403403403404,,,-0.022594408393088378,1.0,,0,0,25.758902311325073,
322,partial_corr,combat,none,logistic_l2,subdomain_14,0.7759426092759426,,,-0.030621799788657367,1.0,,0,0,7.86776876449585,
323,partial_corr,combat,none,logistic_l2,domain_7,0.7759426092759426,,,-0.022594408393088378,1.0,,0,0,7.861738920211792,
324,partial_corr,combat,none,svm_linear,subdomain_14,0.7569944944944945,,,-0.030621799788657367,1.0,,0,0,14.486690998077393,
325,partial_corr,combat,none,svm_linear,domain_7,0.7569944944944945,,,-0.022594408393088378,1.0,,0,0,14.452616214752197,
326,partial_corr,combat,none,rf,subdomain_14,0.7646062729396063,,,-0.030621799788657367,1.0,,0,0,712.6444923877716,
327,partial_corr,combat,none,rf,domain_7,0.7646062729396063,,,-0.022594408393088378,1.0,,0,0,712.5491850376129,
328,partial_corr,combat,fa,elasticnet,subdomain_14,0.7403403403403404,0.7538246579913246,0.013484317650984234,-0.030621799788657367,1.0,0.0625,5,0,354.0630645751953,
329,partial_corr,combat,fa,elasticnet,domain_7,0.7403403403403404,0.7538246579913246,0.013484317650984234,-0.022594408393088378,1.0,0.0625,5,0,360.9840533733368,
330,partial_corr,combat,fa,logistic_l2,subdomain_14,0.7759426092759426,0.7533616950283617,-0.022580914247580908,-0.030621799788657367,1.0,0.0625,5,0,204.09740257263184,
331,partial_corr,combat,fa,logistic_l2,domain_7,0.7759426092759426,0.7533616950283617,-0.022580914247580908,-0.022594408393088378,1.0,0.0625,5,0,204.25796914100647,
332,partial_corr,combat,fa,svm_linear,subdomain_14,0.7569944944944945,0.7511094427761095,-0.005885051718385048,-0.030621799788657367,1.0,0.0625,5,0,188.72509503364563,
333,partial_corr,combat,fa,svm_linear,domain_7,0.7569944944944945,0.7511094427761095,-0.005885051718385048,-0.022594408393088378,1.0,0.0625,5,0,203.0183229446411,
334,partial_corr,combat,fa,rf,subdomain_14,0.7646062729396063,0.7356856856856856,-0.02892058725392066,-0.030621799788657367,1.0,0.0625,5,0,926.7888805866241,
335,partial_corr,combat,fa,rf,domain_7,0.7646062729396063,0.7356856856856856,-0.02892058725392066,-0.022594408393088378,1.0,0.0625,5,0,940.1530091762543,
336,partial_corr,combat,ica,elasticnet,subdomain_14,0.7403403403403404,0.8199366032699367,0.07959626292959632,-0.030621799788657367,1.0,0.6666519727454681,50,25,136.68086433410645,
337,partial_corr,combat,ica,elasticnet,domain_7,0.7403403403403404,0.8199366032699367,0.07959626292959632,-0.022594408393088378,1.0,0.46647302992520423,50,25,144.11225056648254,
338,partial_corr,combat,ica,logistic_l2,subdomain_14,0.7759426092759426,0.8204788121454788,0.04453620286953619,-0.030621799788657367,1.0,0.6666519727454681,50,25,67.1967523097992,
339,partial_corr,combat,ica,logistic_l2,domain_7,0.7759426092759426,0.8204788121454788,0.04453620286953619,-0.022594408393088378,1.0,0.46647302992520423,50,25,66.26590728759766,
340,partial_corr,combat,ica,svm_linear,subdomain_14,0.7569944944944945,0.8202035368702036,0.06320904237570912,-0.030621799788657367,1.0,0.6666519727454681,50,25,66.90378594398499,
341,partial_corr,combat,ica,svm_linear,domain_7,0.7569944944944945,0.8202035368702036,0.06320904237570912,-0.022594408393088378,1.0,0.46647302992520423,50,25,67.08733439445496,
342,partial_corr,combat,ica,rf,subdomain_14,0.7646062729396063,0.800075075075075,0.03546880213546877,-0.030621799788657367,1.0,0.6666519727454681,50,25,812.3132202625275,
343,partial_corr,combat,ica,rf,domain_7,0.7646062729396063,0.800075075075075,0.03546880213546877,-0.022594408393088378,1.0,0.46647302992520423,50,25,820.2438259124756,
344,partial_corr,combat,pca,elasticnet,subdomain_14,0.7403403403403404,0.70337003670337,-0.0369703036369704,-0.030621799788657367,1.0,0.0625,5,0,233.3386936187744,
345,partial_corr,combat,pca,elasticnet,domain_7,0.7403403403403404,0.70337003670337,-0.0369703036369704,-0.022594408393088378,1.0,0.0625,5,0,227.6005711555481,
346,partial_corr,combat,pca,logistic_l2,subdomain_14,0.7759426092759426,0.7520228561895229,-0.023919753086419693,-0.030621799788657367,1.0,0.0625,5,0,156.62423086166382,
347,partial_corr,combat,pca,logistic_l2,domain_7,0.7759426092759426,0.7520228561895229,-0.023919753086419693,-0.022594408393088378,1.0,0.0625,5,0,144.57684302330017,
348,partial_corr,combat,pca,svm_linear,subdomain_14,0.7569944944944945,0.7529362696029362,-0.004058224891558271,-0.030621799788657367,1.0,0.0625,5,0,141.46120071411133,
349,partial_corr,combat,pca,svm_linear,domain_7,0.7569944944944945,0.7529362696029362,-0.004058224891558271,-0.022594408393088378,1.0,0.0625,5,0,146.7628095149994,
350,partial_corr,combat,pca,rf,subdomain_14,0.7646062729396063,0.729808975642309,-0.0347972972972973,-0.030621799788657367,1.0,0.0625,5,0,900.3321888446808,
351,partial_corr,combat,pca,rf,domain_7,0.7646062729396063,0.729808975642309,-0.0347972972972973,-0.022594408393088378,1.0,0.0625,5,0,908.0697598457336,
352,partial_corr,combat,nmf,elasticnet,subdomain_14,0.7403403403403404,0.7250083416750084,-0.01533199866533197,-0.030621799788657367,1.0,0.2653376709882824,50,23,1750.4527537822723,
353,partial_corr,combat,nmf,elasticnet,domain_7,0.7403403403403404,0.7250083416750084,-0.01533199866533197,-0.022594408393088378,1.0,0.021794286702137455,50,33,1747.6763591766357,
354,partial_corr,combat,nmf,logistic_l2,subdomain_14,0.7759426092759426,0.7405405405405405,-0.03540206873540208,-0.030621799788657367,1.0,0.2653376709882824,50,23,631.849401473999,
355,partial_corr,combat,nmf,logistic_l2,domain_7,0.7759426092759426,0.7405405405405405,-0.03540206873540208,-0.022594408393088378,1.0,0.021794286702137455,50,33,630.7929637432098,
356,partial_corr,combat,nmf,svm_linear,subdomain_14,0.7569944944944945,0.7276401401401401,-0.029354354354354406,-0.030621799788657367,1.0,0.2653376709882824,50,23,527.2871906757355,
357,partial_corr,combat,nmf,svm_linear,domain_7,0.7569944944944945,0.7276401401401401,-0.029354354354354406,-0.022594408393088378,1.0,0.021794286702137455,50,33,527.9877419471741,
358,partial_corr,combat,nmf,rf,subdomain_14,0.7646062729396063,0.7329788121454788,-0.03162746079412748,-0.030621799788657367,1.0,0.2653376709882824,50,23,1486.0533390045166,
359,partial_corr,combat,nmf,rf,domain_7,0.7646062729396063,0.7329788121454788,-0.03162746079412748,-0.022594408393088378,1.0,0.021794286702137455,50,33,1480.6341886520386,
393,mutual_info,none,nmf,elasticnet,domain_7,0.7977977977977979,0.736353019686353,-0.06144477811144489,-0.004633552582774342,0.8143712574850299,6.535714192068554e-10,50,4,1480.4471340179443,
394,mutual_info,none,nmf,logistic_l2,subdomain_14,0.8650066733400067,0.7575742409075742,-0.1074324324324325,-0.029143036485674956,1.0,2.433608869978343e-13,50,2,536.6819128990173,
395,mutual_info,none,nmf,logistic_l2,domain_7,0.8650066733400067,0.7575742409075742,-0.1074324324324325,-0.004633552582774342,0.8143712574850299,6.535714192068554e-10,50,4,545.0508556365967,
396,mutual_info,none,nmf,svm_linear,subdomain_14,0.8620995995995996,0.7346179512846179,-0.12748164831498165,-0.029143036485674956,1.0,2.433608869978343e-13,50,2,462.621764421463,
397,mutual_info,none,nmf,svm_linear,domain_7,0.8620995995995996,0.7346179512846179,-0.12748164831498165,-0.004633552582774342,0.8143712574850299,6.535714192068554e-10,50,4,461.4207618236542,
398,mutual_info,none,nmf,rf,subdomain_14,0.8202494160827494,0.7863509342676009,-0.03389848181514843,-0.029143036485674956,1.0,2.433608869978343e-13,50,2,1242.1045444011688,
399,mutual_info,none,nmf,rf,domain_7,0.8202494160827494,0.7863509342676009,-0.03389848181514843,-0.004633552582774342,0.8143712574850299,6.535714192068554e-10,50,4,1246.6661865711212,
400,mutual_info,ols,none,elasticnet,subdomain_14,0.7781906906906907,,,-0.040409653527050754,1.0,,0,0,27.587015628814697,
401,mutual_info,ols,none,elasticnet,domain_7,0.7781906906906907,,,-0.027050981763343307,1.0,,0,0,27.69752287864685,
402,mutual_info,ols,none,logistic_l2,subdomain_14,0.8016141141141141,,,-0.040409653527050754,1.0,,0,0,7.15206241607666,
403,mutual_info,ols,none,logistic_l2,domain_7,0.8016141141141141,,,-0.027050981763343307,1.0,,0,0,7.1422858238220215,
404,mutual_info,ols,none,svm_linear,subdomain_14,0.7953244911578244,,,-0.040409653527050754,1.0,,0,0,30.129920959472656,
405,mutual_info,ols,none,svm_linear,domain_7,0.7953244911578244,,,-0.027050981763343307,1.0,,0,0,30.201951265335083,
406,mutual_info,ols,none,rf,subdomain_14,0.7947197197197198,,,-0.040409653527050754,1.0,,0,0,704.8717849254608,
407,mutual_info,ols,none,rf,domain_7,0.7947197197197198,,,-0.027050981763343307,1.0,,0,0,705.7446658611298,
408,mutual_info,ols,fa,elasticnet,subdomain_14,0.7781906906906907,0.6842092092092092,-0.09398148148148144,-0.040409653527050754,1.0,0.4375,5,3,403.2710745334625,
409,mutual_info,ols,fa,elasticnet,domain_7,0.7781906906906907,0.6842092092092092,-0.09398148148148144,-0.027050981763343307,1.0,0.4375,5,3,374.7832374572754,
410,mutual_info,ols,fa,logistic_l2,subdomain_14,0.8016141141141141,0.6869536202869536,-0.11466049382716048,-0.040409653527050754,1.0,0.4375,5,3,214.3566997051239,
411,mutual_info,ols,fa,logistic_l2,domain_7,0.8016141141141141,0.6869536202869536,-0.11466049382716048,-0.027050981763343307,1.0,0.4375,5,3,190.52084040641785,
412,mutual_info,ols,fa,svm_linear,subdomain_14,0.7953244911578244,0.6841466466466466,-0.11117784451117785,-0.040409653527050754,1.0,0.4375,5,3,218.6663453578949,
413,mutual_info,ols,fa,svm_linear,domain_7,0.7953244911578244,0.6841466466466466,-0.11117784451117785,-0.027050981763343307,1.0,0.4375,5,3,216.64586305618286,
414,mutual_info,ols,fa,rf,subdomain_14,0.7947197197197198,0.6862362362362362,-0.10848348348348358,-0.040409653527050754,1.0,0.4375,5,3,960.3922193050385,
415,mutual_info,ols,fa,rf,domain_7,0.7947197197197198,0.6862362362362362,-0.10848348348348358,-0.027050981763343307,1.0,0.4375,5,3,947.5569128990173,
416,mutual_info,ols,ica,elasticnet,subdomain_14,0.7781906906906907,0.7737904571237906,-0.004400233566900114,-0.040409653527050754,1.0,0.003099259960384515,50,17,137.94767808914185,
417,mutual_info,ols,ica,elasticnet,domain_7,0.7781906906906907,0.7737904571237906,-0.004400233566900114,-0.027050981763343307,1.0,0.02237794255729675,50,18,134.77332067489624,
418,mutual_info,ols,ica,logistic_l2,subdomain_14,0.8016141141141141,0.7894144144144144,-0.012199699699699695,-0.040409653527050754,1.0,0.003099259960384515,50,17,59.18660616874695,
419,mutual_info,ols,ica,logistic_l2,domain_7,0.8016141141141141,0.7894144144144144,-0.012199699699699695,-0.027050981763343307,1.0,0.02237794255729675,50,18,60.03072762489319,
420,mutual_info,ols,ica,svm_linear,subdomain_14,0.7953244911578244,0.7853395061728394,-0.009984984984985013,-0.040409653527050754,1.0,0.003099259960384515,50,17,74.90051817893982,
421,mutual_info,ols,ica,svm_linear,domain_7,0.7953244911578244,0.7853395061728394,-0.009984984984985013,-0.027050981763343307,1.0,0.02237794255729675,50,18,77.47466397285461,
422,mutual_info,ols,ica,rf,subdomain_14,0.7947197197197198,0.7844073239906573,-0.010312395729062507,-0.040409653527050754,1.0,0.003099259960384515,50,17,802.9026625156403,
423,mutual_info,ols,ica,rf,domain_7,0.7947197197197198,0.7844073239906573,-0.010312395729062507,-0.027050981763343307,1.0,0.02237794255729675,50,18,785.9650936126709,
424,mutual_info,ols,pca,elasticnet,subdomain_14,0.7781906906906907,0.616871037704371,-0.16131965298631967,-0.040409653527050754,1.0,0.8125,5,3,184.71386122703552,
425,mutual_info,ols,pca,elasticnet,domain_7,0.7781906906906907,0.616871037704371,-0.16131965298631967,-0.027050981763343307,1.0,0.8125,5,3,198.85985660552979,
426,mutual_info,ols,pca,logistic_l2,subdomain_14,0.8016141141141141,0.7028028028028027,-0.09881131131131138,-0.040409653527050754,1.0,0.8125,5,3,126.48048424720764,
427,mutual_info,ols,pca,logistic_l2,domain_7,0.8016141141141141,0.7028028028028027,-0.09881131131131138,-0.027050981763343307,1.0,0.8125,5,3,135.71602392196655,
428,mutual_info,ols,pca,svm_linear,subdomain_14,0.7953244911578244,0.6958625291958626,-0.09946196196196189,-0.040409653527050754,1.0,0.8125,5,3,160.68675303459167,
429,mutual_info,ols,pca,svm_linear,domain_7,0.7953244911578244,0.6958625291958626,-0.09946196196196189,-0.027050981763343307,1.0,0.8125,5,3,160.5084924697876,
430,mutual_info,ols,pca,rf,subdomain_14,0.7947197197197198,0.7141266266266266,-0.08059309309309315,-0.040409653527050754,1.0,0.8125,5,3,869.2051839828491,
431,mutual_info,ols,pca,rf,domain_7,0.7947197197197198,0.7141266266266266,-0.08059309309309315,-0.027050981763343307,1.0,0.8125,5,3,873.645562171936,
432,mutual_info,ols,nmf,elasticnet,subdomain_14,0.7781906906906907,0.7012762762762763,-0.07691441441441438,-0.040409653527050754,1.0,0.0011051033525024678,50,16,1676.939914226532,
433,mutual_info,ols,nmf,elasticnet,domain_7,0.7781906906906907,0.7012762762762763,-0.07691441441441438,-0.027050981763343307,1.0,0.0032054206503495664,50,14,1680.4864029884338,
434,mutual_info,ols,nmf,logistic_l2,subdomain_14,0.8016141141141141,0.7258925592258926,-0.07572155488822152,-0.040409653527050754,1.0,0.0011051033525024678,50,16,605.4005699157715,
435,mutual_info,ols,nmf,logistic_l2,domain_7,0.8016141141141141,0.7258925592258926,-0.07572155488822152,-0.027050981763343307,1.0,0.0032054206503495664,50,14,604.89998960495,
436,mutual_info,ols,nmf,svm_linear,subdomain_14,0.7953244911578244,0.7178928928928929,-0.07743159826493151,-0.040409653527050754,1.0,0.0011051033525024678,50,16,523.6580593585968,
437,mutual_info,ols,nmf,svm_linear,domain_7,0.7953244911578244,0.7178928928928929,-0.07743159826493151,-0.027050981763343307,1.0,0.0032054206503495664,50,14,523.7306954860687,
438,mutual_info,ols,nmf,rf,subdomain_14,0.7947197197197198,0.7674966633299967,-0.02722305638972311,-0.040409653527050754,1.0,0.0011051033525024678,50,16,1426.4371013641357,
439,mutual_info,ols,nmf,rf,domain_7,0.7947197197197198,0.7674966633299967,-0.02722305638972311,-0.027050981763343307,1.0,0.0032054206503495664,50,14,1435.365702867508,
440,mutual_info,combat,none,elasticnet,subdomain_14,0.7547151317984652,,,-0.0413217428336691,1.0,,0,0,24.97855305671692,
441,mutual_info,combat,none,elasticnet,domain_7,0.7547151317984652,,,-0.027282888197503935,1.0,,0,0,24.904606580734253,
442,mutual_info,combat,none,logistic_l2,subdomain_14,0.7717133800467135,,,-0.0413217428336691,1.0,,0,0,7.712987184524536,
443,mutual_info,combat,none,logistic_l2,domain_7,0.7717133800467135,,,-0.027282888197503935,1.0,,0,0,7.723545789718628,
444,mutual_info,combat,none,svm_linear,subdomain_14,0.7657282282282283,,,-0.0413217428336691,1.0,,0,0,15.128667116165161,
445,mutual_info,combat,none,svm_linear,domain_7,0.7657282282282283,,,-0.027282888197503935,1.0,,0,0,15.093018770217896,
446,mutual_info,combat,none,rf,subdomain_14,0.8166332999666333,,,-0.0413217428336691,1.0,,0,0,657.4065597057343,
447,mutual_info,combat,none,rf,domain_7,0.8166332999666333,,,-0.027282888197503935,1.0,,0,0,657.5692045688629,
448,mutual_info,combat,fa,elasticnet,subdomain_14,0.7547151317984652,0.6938355021688355,-0.06087962962962967,-0.0413217428336691,1.0,0.8125,5,2,252.65815448760986,
449,mutual_info,combat,fa,elasticnet,domain_7,0.7547151317984652,0.6938355021688355,-0.06087962962962967,-0.027282888197503935,1.0,1.0,5,2,275.11571311950684,
450,mutual_info,combat,fa,logistic_l2,subdomain_14,0.7717133800467135,0.6954871538204872,-0.07622622622622632,-0.0413217428336691,1.0,0.8125,5,2,167.8222894668579,
451,mutual_info,combat,fa,logistic_l2,domain_7,0.7717133800467135,0.6954871538204872,-0.07622622622622632,-0.027282888197503935,1.0,1.0,5,2,168.13841724395752,
452,mutual_info,combat,fa,svm_linear,subdomain_14,0.7657282282282283,0.6968426760093427,-0.06888555221888559,-0.0413217428336691,1.0,0.8125,5,2,182.5129292011261,
453,mutual_info,combat,fa,svm_linear,domain_7,0.7657282282282283,0.6968426760093427,-0.06888555221888559,-0.027282888197503935,1.0,1.0,5,2,151.4339771270752,
454,mutual_info,combat,fa,rf,subdomain_14,0.8166332999666333,0.6867325658992326,-0.12990073406740066,-0.0413217428336691,1.0,0.8125,5,2,858.6005759239197,
455,mutual_info,combat,fa,rf,domain_7,0.8166332999666333,0.6867325658992326,-0.12990073406740066,-0.027282888197503935,1.0,1.0,5,2,853.8887848854065,
456,mutual_info,combat,ica,elasticnet,subdomain_14,0.7547151317984652,0.7838463463463464,0.029131214547881257,-0.0413217428336691,1.0,0.02898427633581413,50,20,127.45469951629639,
457,mutual_info,combat,ica,elasticnet,domain_7,0.7547151317984652,0.7838463463463464,0.029131214547881257,-0.027282888197503935,1.0,0.06930163067169381,50,21,126.36801862716675,
458,mutual_info,combat,ica,logistic_l2,subdomain_14,0.7717133800467135,0.7859943276609943,0.014280947614280781,-0.0413217428336691,1.0,0.02898427633581413,50,20,55.18193531036377,
459,mutual_info,combat,ica,logistic_l2,domain_7,0.7717133800467135,0.7859943276609943,0.014280947614280781,-0.027282888197503935,1.0,0.06930163067169381,50,21,54.6998507976532,
460,mutual_info,combat,ica,svm_linear,subdomain_14,0.7657282282282283,0.7857148815482149,0.019986653319986614,-0.0413217428336691,1.0,0.02898427633581413,50,20,59.971386194229126,
461,mutual_info,combat,ica,svm_linear,domain_7,0.7657282282282283,0.7857148815482149,0.019986653319986614,-0.027282888197503935,1.0,0.06930163067169381,50,21,59.45922803878784,
462,mutual_info,combat,ica,rf,subdomain_14,0.8166332999666333,0.758420920920921,-0.058212379045712304,-0.0413217428336691,1.0,0.02898427633581413,50,20,752.2105026245117,
463,mutual_info,combat,ica,rf,domain_7,0.8166332999666333,0.758420920920921,-0.058212379045712304,-0.027282888197503935,1.0,0.06930163067169381,50,21,752.8799874782562,
464,mutual_info,combat,pca,elasticnet,subdomain_14,0.7547151317984652,0.6934517851184518,-0.06126334668001332,-0.0413217428336691,1.0,0.625,5,2,180.05720281600952,
465,mutual_info,combat,pca,elasticnet,domain_7,0.7547151317984652,0.6934517851184518,-0.06126334668001332,-0.027282888197503935,1.0,1.0,5,3,199.3135106563568,
466,mutual_info,combat,pca,logistic_l2,subdomain_14,0.7717133800467135,0.7009843176509845,-0.07072906239572907,-0.0413217428336691,1.0,0.625,5,2,130.89665913581848,
467,mutual_info,combat,pca,logistic_l2,domain_7,0.7717133800467135,0.7009843176509845,-0.07072906239572907,-0.027282888197503935,1.0,1.0,5,3,134.37893748283386,
468,mutual_info,combat,pca,svm_linear,subdomain_14,0.7657282282282283,0.7043126459793126,-0.061415582248915634,-0.0413217428336691,1.0,0.625,5,2,141.2709767818451,
469,mutual_info,combat,pca,svm_linear,domain_7,0.7657282282282283,0.7043126459793126,-0.061415582248915634,-0.027282888197503935,1.0,1.0,5,3,140.7646632194519,
470,mutual_info,combat,pca,rf,subdomain_14,0.8166332999666333,0.6883049716383051,-0.1283283283283282,-0.0413217428336691,1.0,0.625,5,2,834.592616558075,
471,mutual_info,combat,pca,rf,domain_7,0.8166332999666333,0.6883049716383051,-0.1283283283283282,-0.027282888197503935,1.0,1.0,5,3,825.2891352176666,
472,mutual_info,combat,nmf,elasticnet,subdomain_14,0.7547151317984652,0.6786786786786787,-0.07603645311978646,-0.0413217428336691,1.0,0.00010381446904439429,50,13,1703.0489716529846,
473,mutual_info,combat,nmf,elasticnet,domain_7,0.7547151317984652,0.6786786786786787,-0.07603645311978646,-0.027282888197503935,1.0,0.0032054206503495664,50,15,1701.1718554496765,
474,mutual_info,combat,nmf,logistic_l2,subdomain_14,0.7717133800467135,0.7048882215548883,-0.06682515849182524,-0.0413217428336691,1.0,0.00010381446904439429,50,13,612.7239851951599,
475,mutual_info,combat,nmf,logistic_l2,domain_7,0.7717133800467135,0.7048882215548883,-0.06682515849182524,-0.027282888197503935,1.0,0.0032054206503495664,50,15,609.0177948474884,
476,mutual_info,combat,nmf,svm_linear,subdomain_14,0.7657282282282283,0.6596388054721387,-0.10608942275608957,-0.0413217428336691,1.0,0.00010381446904439429,50,13,511.2717571258545,
477,mutual_info,combat,nmf,svm_linear,domain_7,0.7657282282282283,0.6596388054721387,-0.10608942275608957,-0.027282888197503935,1.0,0.0032054206503495664,50,15,512.9903619289398,
478,mutual_info,combat,nmf,rf,subdomain_14,0.8166332999666333,0.7662391558224891,-0.050394144144144115,-0.0413217428336691,1.0,0.00010381446904439429,50,13,1394.820523738861,
479,mutual_info,combat,nmf,rf,domain_7,0.8166332999666333,0.7662391558224891,-0.050394144144144115,-0.027282888197503935,1.0,0.0032054206503495664,50,15,1401.4722828865051,
